<?xml version="1.0" encoding="UTF-8"?>
<kmodule xmlns="http://jboss.org/kie/6.0.0/kmodule">
	<kbase name="isbd_check" packages="isbd_check">
		<ksession name="ksession-isbd-check" />
	</kbase>
	<kbase name="saeffi_check" packages="saeffi_check">
		<ksession name="ksession-saeffi-check" />
	</kbase>
	<kbase name="kyc_check" packages="kyc_type_mappings_dd_purpose">
		<ksession name="ksession-kyc-check" />
	</kbase>
	<kbase name="Missing_Params_Compile" packages="missing_params_compile">
		<ksession name="ksession-missing-params-compile" />
	</kbase>
	<kbase name="Validate_Scope" packages="validate_scope">
		<ksession name="ksession-validate-scope" />
	</kbase>
	<kbase name="missing_param" packages="missing_params">
		<ksession name="ksession-missing-params" />
	</kbase>
	<kbase name="crs_entity" packages="crs_entity">
		<ksession name="ksession-crs-entity" />
	</kbase>
	<kbase name="crs_individual_pre_existing" packages="crs_individual_pre_existing">
		<ksession name="ksession-crs-individual-pre-existing" />
	</kbase>
	<kbase name="crs_individual" packages="crs_individual">
		<ksession name="ksession-crs-individual" />
	</kbase>
	<kbase name="fatca_coc_entity" packages="fatca_coc_entity">
		<ksession name="ksession-fatca-coc-entity" />
	</kbase>
	<kbase name="fatca_coc_individual" packages="fatca_coc_individual">
		<ksession name="ksession-fatca-coc-individual" />
	</kbase>
	<kbase name="fatca_cocffi" packages="fatca_cocffi">
		<ksession name="ksession-fatca-cocffi" />
	</kbase>
	<kbase name="fatca_new_individual" packages="fatca_new_individual">
		<ksession name="ksession-fatca-new-individual" />
	</kbase>
	<kbase name="fatca_per_review_individual" packages="fatca_per_review_individual">
		<ksession name="ksession-fatca-per-review-individual" />
	</kbase>
	<kbase name="fatca_preex_entity" packages="fatca_preex_entity">
		<ksession name="ksession-fatca-preex-entity" />
	</kbase>
	<kbase name="fatca_preex_individual" packages="fatca_preex_individual">
		<ksession name="ksession-fatca-preex-individual" />
	</kbase>
	<kbase name="fatca_new_entity_iga" packages="fatca_new_entity_iga">
		<ksession name="ksession-fatca-new-entity-iga" />
	</kbase>
	<kbase name="fatca_new_entity_fatca" packages="fatca_new_entity_fatca">
		<ksession name="ksession-fatca-new-entity-fatca" />
	</kbase>
	<kbase name="fatca_new_entity" packages="fatca_new_entity">
		<ksession name="ksession-fatca-new-entity" />
	</kbase>
	<kbase name="fatca_coc_entity_doc_iga" packages="fatca_coc_entity_doc_iga">
		<ksession name="ksession-fatca-coc-entity-doc-iga" />
	</kbase>
	<kbase name="fatca_coc_entity_doc_fatca" packages="fatca_coc_entity_doc_fatca">
		<ksession name="ksession-fatca-coc-entity-doc-fatca" />
	</kbase>
	<kbase name="fatca_coc_individual_document" packages="fatca_coc_individual_document">
		<ksession name="ksession-fatca-coc-individual-document" />
	</kbase>
	<kbase name="fatca_new_individual_document_fatca" packages="fatca_new_individual_document_fatca">
		<ksession name="ksession-fatca-new-individual-document-fatca" />
	</kbase>
	<kbase name="fatca_new_individual_document_iga" packages="fatca_new_individual_document_iga">
		<ksession name="ksession-fatca-new-individual-document-iga" />
	</kbase>
	<kbase name="fatca_perreview_individual_doc_fatca" packages="fatca_perreview_individual_doc_fatca">
		<ksession name="ksession-fatca-perreview-individual-doc-fatca" />
	</kbase>
	<kbase name="fatca_perreview_individual_doc_iga" packages="fatca_perreview_individual_doc_iga">
		<ksession name="ksession-fatca-perreview-individual-doc-iga" />
	</kbase>
	<kbase name="fatca_preex_entity_document_fatca" packages="fatca_preex_entity_document_fatca">
		<ksession name="ksession-fatca-preex-entity-document-fatca" />
	</kbase>
	<kbase name="fatca_preex_entity_document_iga" packages="fatca_preex_entity_document_iga">
		<ksession name="ksession-fatca-preex-entity-document-iga" />
	</kbase>
	<kbase name="fatca_preex_individual_document_fatca" packages="fatca_preex_individual_document_fatca">
		<ksession name="ksession-fatca-preex-individual-document-fatca" />
	</kbase>
	<kbase name="fatca_preex_individual_document_iga" packages="fatca_preex_individual_document_iga">
		<ksession name="ksession-fatca-preex-individual-document-iga" />
	</kbase>
	<kbase name="set_scope_value" packages="set_scope_value">
		<ksession name="ksession-set-scope-value" />
	</kbase>
	<kbase name="cocffi_check" packages="cocffi_check">
		<ksession name="ksession-cocffi-check" />
	</kbase>
	<kbase name="populate_case_type" packages="populate_case_type">
		<ksession name="ksession-populate-case-type" />
	</kbase>
	<kbase name="region_in_crs_country" packages="region_in_crs_country">
		<ksession name="ksession-region-in-crs-country" />
	</kbase>
	<kbase name="crs_customer_subtype" packages="crs_customer_subtype">
		<ksession name="ksession-crs-customer-subtype" />
	</kbase>
	<kbase name="fatca_customer_subtype" packages="fatca_customer_subtype">
		<ksession name="ksession-fatca-customer-subtype" />
	</kbase>
	<kbase name="set_can_add_flag" packages="set_can_add_flag">
		<ksession name="ksession-set-can-add-flag" />
	</kbase>
	<kbase name="populate_complex_type_with_customer" packages="populate_complex_type_with_customer">
		<ksession name="ksession-populate-complex-type-with-customer" />
	</kbase>
	<kbase name="populate_complex_type_without_customer" packages="populate_complex_type_without_customer">
		<ksession name="ksession-populate-complex-type-without-customer" />
	</kbase>
	<kbase name="dependancy_block" packages="dependancy_block">
		<ksession name="ksession-dependancy-block" />
	</kbase>
	<kbase name="set_complex_value" packages="set_complex_value">
		<ksession name="ksession-set-complex-value" />
	</kbase>
	<kbase name="crs_individual_document_iga" packages="crs_individual_document_iga">
		<ksession name="ksession-crs-individual-document-iga" />
	</kbase>
	<kbase name="crs_individual_document_fatca" packages="crs_individual_document_fatca">
		<ksession name="ksession-crs-individual-document-fatca" />
	</kbase>
	<kbase name="crs_entity_document_iga" packages="crs_entity_document_iga">
		<ksession name="ksession-crs-entity-document-iga" />
	</kbase>
	<kbase name="set_can_edit_flag" packages="set_can_edit_flag">
		<ksession name="ksession-set-can-edit-flag" />
	</kbase>
	<kbase name="set_can_delete_flag" packages="set_can_delete_flag">
		<ksession name="ksession-set-can-delete-flag" />
	</kbase>
		<kbase name="set_response_code_and_description" packages="set_response_code_and_description">
		<ksession name="ksession-set-response-code-and-description" />
	</kbase>
</kmodule>
