<configuration>

	<appender name="OTHER"
		class="ch.qos.logback.core.rolling.RollingFileAppender">
		<file>${LOG_HOME}/Rating_Engine/RatingEngineApp.log</file>

		<encoder class="ch.qos.logback.classic.encoder.PatternLayoutEncoder">
			<Pattern>
				%d{HH:mm:ss.SSS} [%thread] %-5level %logger{36} - %msg%n
			</Pattern>
		</encoder>

		<rollingPolicy class="ch.qos.logback.core.rolling.FixedWindowRollingPolicy">
			<FileNamePattern>${LOG_HOME}/Rating_Engine/RatingEngineApp.%i.log.zip
			</FileNamePattern>
			  <MinIndex>1</MinIndex>
             <MaxIndex>150</MaxIndex>
		</rollingPolicy>
		<triggeringPolicy
			class="ch.qos.logback.core.rolling.SizeBasedTriggeringPolicy">
			<MaxFileSize>20MB</MaxFileSize>
		</triggeringPolicy>

	</appender>
	<appender name="HIBERNATELOGS"
		class="ch.qos.logback.core.rolling.RollingFileAppender">
		<file>${LOG_HOME}/Hiberanate.log</file>

		<encoder class="ch.qos.logback.classic.encoder.PatternLayoutEncoder">
			<Pattern>
				%d{HH:mm:ss.SSS} [%thread] %-5level %logger{36} - %msg%n
			</Pattern>
		</encoder>

		<rollingPolicy class="ch.qos.logback.core.rolling.FixedWindowRollingPolicy">
			<FileNamePattern>${LOG_HOME}/Hiberanate.%i.log.zip
			</FileNamePattern>
			  <MinIndex>1</MinIndex>
             <MaxIndex>150</MaxIndex>
		</rollingPolicy>
		<triggeringPolicy
			class="ch.qos.logback.core.rolling.SizeBasedTriggeringPolicy">
			<MaxFileSize>50MB</MaxFileSize>
		</triggeringPolicy>

	</appender>

	<appender name="RatingEngine" class="ch.qos.logback.classic.sift.SiftingAppender">

		<!-- This is MDC value -->
		<!-- We will assign a value to 'logFileName' via Java code -->
		<discriminator>
			<key>logFileName</key>
			<defaultValue>RE-default</defaultValue>
		</discriminator>

		<sift>

			<!-- A standard RollingFileAppender, the log file is based on 'logFileName' 
				at runtime -->
			<appender name="FILE-${logFileName}"
				class="ch.qos.logback.core.rolling.RollingFileAppender">
				<file>${LOG_HOME}/Rating_Engine/${logFileName}.log</file>

				<encoder class="ch.qos.logback.classic.encoder.PatternLayoutEncoder">
					<Pattern>
						%d{HH:mm:ss.SSS} [%thread] %-5level %logger{36} - %msg%n
					</Pattern>
				</encoder>

				<rollingPolicy
					class="ch.qos.logback.core.rolling.FixedWindowRollingPolicy">
					<FileNamePattern>${LOG_HOME}/Rating_Engine/${logFileName}.%i.log.zip
					</FileNamePattern>
					<MinIndex>1</MinIndex>
					<MaxIndex>150</MaxIndex>
				</rollingPolicy>

				<triggeringPolicy
					class="ch.qos.logback.core.rolling.SizeBasedTriggeringPolicy">
					<MaxFileSize>20MB</MaxFileSize>
				</triggeringPolicy>

			</appender>

		</sift>
	</appender>

	<appender name="STDOUT" class="ch.qos.logback.core.ConsoleAppender">
		<!-- encoders are assigned the type ch.qos.logback.classic.encoder.PatternLayoutEncoder 
			by default -->
		<encoder>
			<pattern>%d{HH:mm:ss.SSS} [%thread] %-5level %logger{36} - %msg%n
			</pattern>
		</encoder>
	</appender>

	<logger name="org.drools" level="trace">
		<appender-ref ref="OTHER" />
	</logger>
	
	<logger name="com" level="debug">
		<appender-ref ref="RatingEngine" />
	</logger>

	
</configuration>