<?xml version="1.0" encoding="UTF-8"?>
<!DOCTYPE hibernate-configuration PUBLIC "-//Hibernate/Hibernate Configuration DTD 3.0//EN" "http://hibernate.sourceforge.net/hibernate-configuration-3.0.dtd">
<hibernate-configuration>
  <session-factory>
    <property name="hibernate.dialect">org.hibernate.dialect.MySQLDialect</property>
    <property name="hibernate.connection.driver_class">com.mysql.jdbc.Driver</property>
   <!-- <property name="hibernate.connection.url">jdbc:mysql://mumd1812:3306/sparcdb</property> -->
   <property name="hibernate.connection.url">jdbc:mysql://ndasparcpo:3306/sparctest</property>
    <property name="hibernate.connection.username">sparctest</property>
    <property name="hibernate.connection.password">sparctest</property>
    <property name="connection.pool_size">1</property>
    <property name="hibernate.dialect">org.hibernate.dialect.HSQLDialect</property>
    <property name="show_sql">false</property>
    <property name="format_sql">false</property>
    <property name="hibernate.use_sql_comments">false</property>
    <property name="initialSize">2</property>
    <property name="maxActive">5</property>
    <property name="hbm2ddl.auto">update</property>
    <!-- Entity Mappings -->
   <!--   <mapping resource="PrudentialContact.hbm.xml"/> -->
     
	<mapping class="com.pru.sparc.model.ClientClass" />
	<mapping class="com.pru.sparc.model.AddressDetails" />
	<mapping class="com.pru.sparc.model.BrokerDetails" />
	<mapping class="com.pru.sparc.model.QuotationDetails" />
	<mapping class="com.pru.sparc.model.ProposalDetails" />
	<mapping class="com.pru.sparc.model.PrudentialContactDetails" />
	<mapping class="com.pru.sparc.model.ProposalIdClass" />
	<mapping class="com.pru.sparc.model.CensusMemberDetails" />
    <mapping class="com.pru.sparc.model.PlanfieldsValues" />
    <mapping class="com.pru.sparc.model.CensusDetail" />
    <mapping class="com.pru.sparc.model.CensusClass" />
    <mapping class="com.pru.sparc.model.CensusLvsAlloc" />
    <mapping class="com.pru.sparc.model.StateXml" />  
    <mapping class="com.pru.sparc.model.LookupDetails" />   
    <mapping class="com.pru.sparc.model.ProposalBrokerDetails" />   
	<mapping class="com.pru.sparc.model.RatingAggregatedCensus" />
	<mapping class="com.pru.sparc.model.RatingProposalPlanDetails" />
    <mapping class="com.pru.sparc.model.RatingRuleResult" />
    <mapping class="com.pru.sparc.model.RatingQuoteCensus" />
    <mapping class="com.pru.sparc.model.RatingOverride" />  
    <mapping class="com.pru.sparc.model.RatingExhibits" />   
    <mapping class="com.pru.sparc.model.PlanDetailsClass" />
    <mapping class="com.pru.sparc.model.SalesOffice" />   
    <mapping class="com.pru.sparc.model.SalesRegion" />
    <mapping class="com.pru.sparc.model.SIC" />
    <mapping class="com.pru.sparc.model.ProductDetails"/>
    <mapping class="com.pru.sparc.model.PlanDetailsClass"/>
     <mapping class="com.pru.sparc.model.PlanEligibilityClass"/>
   <mapping class="com.pru.sparc.model.PlanLookupDetails" />
  </session-factory>
</hibernate-configuration>
