<?xml version="1.0" encoding="UTF-8"?>
<beans xmlns="http://www.springframework.org/schema/beans"
	xmlns:security="http://www.springframework.org/schema/security"
	xmlns:xsi="http://www.w3.org/2001/XMLSchema-instance" xmlns:aop="http://www.springframework.org/schema/aop"
	xmlns:tx="http://www.springframework.org/schema/tx" xmlns:context="http://www.springframework.org/schema/context"
	xmlns:mvc="http://www.springframework.org/schema/mvc" xmlns:p="http://www.springframework.org/schema/p"
	xmlns:util="http://www.springframework.org/schema/util"
	xsi:schemaLocation="http://www.springframework.org/schema/beans http://www.springframework.org/schema/beans/spring-beans-3.0.xsd 
							http://www.springframework.org/schema/tx http://www.springframework.org/schema/tx/spring-tx-3.0.xsd 
							http://www.springframework.org/schema/context http://www.springframework.org/schema/context/spring-context-3.0.xsd 
							http://www.springframework.org/schema/aop http://www.springframework.org/schema/aop/spring-aop-3.0.xsd 
							http://www.springframework.org/schema/util http://www.springframework.org/schema/util/spring-util-3.0.xsd 
							http://www.springframework.org/schema/mvc http://www.springframework.org/schema/mvc/spring-mvc-3.0.xsd
							http://www.springframework.org/schema/security 
							http://www.springframework.org/schema/security/spring-security-3.0.xsd">

	<context:annotation-config />
	<context:component-scan base-package="com.pru.sparc" />
	<mvc:annotation-driven />

	<!-- <context:property-placeholder location="classpath:config.properties" /> -->
	
	  <bean id="exceptionResolver"
          class="org.springframework.web.servlet.view.json.exception.JsonExceptionResolver">
        <property name="exceptionView">
            <value>jsonView</value>
        </property>
        <property name="exceptionHandler">
            <list>
                <ref bean="exceptionMessageExceptionHandler"/>
            </list>
        </property>
    </bean>
    <bean name="exceptionMessageExceptionHandler" class="com.pru.sparc.common.exception.SparcExceptionHandler"></bean>
	
	<bean id="cacheProvider" class="com.pru.sparc.common.session.HttpSessionCacheProvider">
        <property name="failQuietlyEnabled" value="true"/>
    </bean>
	<bean id="sparcCache" class="com.pru.sparc.common.session.SparcCache">   
    	<constructor-arg><value>true</value></constructor-arg>
  	</bean>
    	
</beans>