<?xml version="1.0" encoding="UTF-8"?>
<beans xmlns="http://www.springframework.org/schema/beans"
	xmlns:security="http://www.springframework.org/schema/security"
	xmlns:xsi="http://www.w3.org/2001/XMLSchema-instance" xmlns:aop="http://www.springframework.org/schema/aop"
	xmlns:tx="http://www.springframework.org/schema/tx" xmlns:context="http://www.springframework.org/schema/context"
	xmlns:mvc="http://www.springframework.org/schema/mvc" xmlns:p="http://www.springframework.org/schema/p"
	xmlns:util="http://www.springframework.org/schema/util"
	xsi:schemaLocation="http://www.springframework.org/schema/beans http://www.springframework.org/schema/beans/spring-beans-3.0.xsd 
							http://www.springframework.org/schema/tx http://www.springframework.org/schema/tx/spring-tx-3.0.xsd 
							http://www.springframework.org/schema/context http://www.springframework.org/schema/context/spring-context-3.0.xsd 
							http://www.springframework.org/schema/aop http://www.springframework.org/schema/aop/spring-aop-3.0.xsd 
							http://www.springframework.org/schema/util http://www.springframework.org/schema/util/spring-util-3.0.xsd 
							http://www.springframework.org/schema/mvc http://www.springframework.org/schema/mvc/spring-mvc-3.0.xsd
							http://www.springframework.org/schema/security 
							http://www.springframework.org/schema/security/spring-security-3.0.xsd"
	default-lazy-init="false">
	
	<context:annotation-config />
	<context:component-scan base-package="com.pru.sparc" />
	<mvc:annotation-driven />

<!-- 	<import resource="classpath:resources/db.xml" /> -->
	
	<bean id="viewResolver"
		class="org.springframework.web.servlet.view.InternalResourceViewResolver">

		<property name="prefix">
			<value>/</value>
		</property>
		<property name="suffix">
			<value>*</value>
		</property>
	</bean>
	
	<bean class="org.springframework.web.servlet.view.ContentNegotiatingViewResolver">
		<property name="order" value="1" />
		<property name="mediaTypes">
			<map>
				<entry key="json" value="application/json" />
				<entry key="pdf" value="application/pdf" />
			</map>
		</property>
		<property name="defaultViews">
			<list>
				<bean class="org.springframework.web.servlet.view.json.MappingJacksonJsonView" />						                  
			</list>
		</property>
		<property name="ignoreAcceptHeader" value="false" />
	</bean>
	
	</beans>