<configuration>

  <appender name="FILE" class="ch.qos.logback.core.FileAppender">
    <file>${LOG_HOME}/PlanConfig.log</file>

    <encoder>
      <pattern>%date %level [%thread] %logger{10} [%file:%line] %msg%n</pattern>
    </encoder>
  </appender>
  
  <appender name="HB_FILE" class="ch.qos.logback.core.FileAppender">
    <file>${LOG_HOME}/PlanConfig_DB.log</file>

    <encoder>
      <pattern>%date %level [%thread] %logger{10} [%file:%line] %msg%n</pattern>
    </encoder>
  </appender>
  <appender name="STDOUT" class="ch.qos.logback.core.ConsoleAppender">
    <!-- encoders are assigned the type
         ch.qos.logback.classic.encoder.PatternLayoutEncoder by default -->
    <encoder>
      <pattern>%d{HH:mm:ss.SSS} [%thread] %-5level %logger{36} - %msg%n</pattern>
    </encoder>
  </appender>
  
  <logger name="org.drools" level="trace">
  	<appender-ref ref="FILE" />
  </logger>
  
  <logger name="org.hibernate" level="debug">
  	<appender-ref ref="HB_FILE" />
  </logger>
  <root level="debug">
    <appender-ref ref="FILE" />
  </root>
</configuration>