<?xml version="1.0" encoding="UTF-8" standalone="yes"?>  

<Basic_Life>
	<GROUP>
		<id>constate</id>
		<description>Contract State</description>
		<isOverRidden>false</isOverRidden>
		<fieldType>dropdown</fieldType>
		<required>Required</required>
		<state>0</state>
		<PART>
			<groupId>ALL</groupId>
			<description>Albama</description>
		</PART>
		<PART>
			<groupId>ALL</groupId>
			<description>New York</description>
		</PART>
		<PART>
			<groupId>ALL</groupId>
			<description>California</description>
		</PART>
	</GROUP>
	<GROUP>
		<id>typeOfCase</id>
		<description>Type Of Case</description>
		<isOverRidden>false</isOverRidden>
		<fieldType>dropdown</fieldType>
		<required>Optional</required>
		<state>0</state>
		<PART>
			<groupId>AL</groupId>
			<description>PRU VALUE LDSM</description>
		</PART>
		<PART>
			<groupId>AL</groupId>
			<description>Rate Filing</description>
		</PART>
		<PART>
			<groupId>NY</groupId>
			<description>Multiple of Earnings</description>
		</PART>
		<PART>
			<groupId>CA</groupId>
			<description>Incremental Amount</description>
		</PART>
	</GROUP>
	<GROUP>
		<id>pruValExcep</id>
		<description>Pru Value Exception</description>
		<isOverRidden>false</isOverRidden>
		<fieldType>checkbox</fieldType>
		<required>Optional</required>
		<state>0</state>
	</GROUP>
	<GROUP>
		<id>mimPartiPercent</id>
		<description>Minimum Participation Percentage</description>
		<isOverRidden>false</isOverRidden>
		<fieldType>textbox</fieldType>
		<required>Attribute</required>
		<state>2</state>
	</GROUP>
</Basic_Life>
	

