<?xml version="1.0"?>
<!-- * Licensed to the Apache Software Foundation (ASF) under one or more 
	* contributor license agreements. See the NOTICE file distributed with * 
	this work for additional information regarding copyright ownership. * The 
	ASF licenses this file to You under the Apache License, Version 2.0 * (the 
	"License"); you may not use this file except in compliance with * the License. 
	You may obtain a copy of the License at * * http://www.apache.org/licenses/LICENSE-2.0 
	* * Unless required by applicable law or agreed to in writing, software * 
	distributed under the License is distributed on an "AS IS" BASIS, * WITHOUT 
	WARRANTIES OR CONDITIONS OF ANY KIND, either express or implied. * See the 
	License for the specific language governing permissions and * limitations 
	under the License. -->
<scxml xmlns="http://www.w3.org/2005/07/scxml" version="1.0"

	initialstate="PropBasic">

	<state id="rfp">
		<onentry>
			<log expr="'Entring rfp'" />
		</onentry>
		<transition event="rfp.load.client" target="Client">
			<log expr="'Entering Client'" />
		</transition>
		<transition event="rfp.load.census" target="Census">
			<onentry>
				<log expr="'Entring Census'" />
			</onentry>
		</transition>
		<transition event="rfp.loadPropBasic" target="PropBasic">
			<onentry>
				<log expr="'Entring proposal Basic'" />
			</onentry>
		</transition>

	</state>
	
	<!-- Client States -->
	<state id="Client">
		<transition event="client.exist" target="ClientEdit" />
		<transition event="client.new" target="ClientAdd" />
	</state>

					<state id="ClientEdit">
						<transition event="client.save" target="Client" />
						<!-- <transition event="client.cancel" target="Client" /> -->
					</state>
					<state id="ClientAdd">
						<transition event="client.save" target="Client" />
						<!-- <transition event="client.cancel" target="Client" /> -->
					</state>
	
	<!-- Census States -->
	<state id="Census">
		<transition event="census.basic" target="CensusCen" />
		<transition event="census.detail" target="CensusCenDet" />
		<transition event="census.class" target="CensusCenCls" />
		<transition event="census.live.alloc" target="CensusCenAl" />
	</state>

					<state id="CensusCen">
						<transition event="census_cen.save" target="Census" />
					</state>
					<state id="CensusCenDet">
						<transition event="census_cen_det.save" target="Census" />
					</state>
					<state id="CensusCenCls">
						<transition event="census_cen_cls.save" target="Census" />
					</state>
					<state id="CensusCenAl">
						<transition event="census_cen_al.save" target="Census" />
					</state>
	
	
	<!-- proposal Basic States -->
	<state id="PropBasic">
		<transition event="PBs.save" target="PropAvailable" />
		<transition event="PB.save.task" target="AddtoTask" />
		<transition event="PB.load.quote" target="QuickQuote" />
	</state>
					<state id="PropAvailable">
						<!-- Enter the transition Event & State here -->
					</state>
					<state id="AddtoTask">
					<!-- This is out of scope for POC -->
						
					</state>

	
	<!-- QuickQuote Versions States -->
	<state id="QuickQuote">
		<transition event="QQ.save.plndet" target="PropDetPlnDet" />
		<transition event="QQ.save.elig" target="PropDetElig" />
		<transition event="QQ.save.comm" target="PropDetComm" />
		<transition event="QQ.save.infor" target="PropDetInforc" />
		<transition event="QQ.load.rating" target="PropRating" />
	</state>
					<state id="PropDetPlnDet">
						<transition event="QQ.pln.save-next" target="PropDetElig" />
					</state>
					<state id="PropDetElig">
						<transition event="QQ.elig.save-next" target="PropDetComm" />
					</state>
					<state id="PropDetComm">
						<transition event="QQ.comm.save-next" target="PropDetInforc" />
					</state>
					<state id="PropDetInforc">
						<transition event="QQ.infor.save-next" target="PropRating" />
					</state>


	<!-- Rating Proposal Exhibit States -->
	<state id="PropRating">
		<transition event="PR.start" target="PropRatExht" />
		<transition event="PR.strating" target="PropRatExhtRated" />
		<transition event="PR.overide" target="PropRatOvrd" />
	</state>
					<state id="PropRatExht">
						<transition event="PR.xht.initiate.rating" target="PropRatingRunning" />
					</state>
					<state id="PropRatingRunning">
						<transition event="PR.xht.stop" target="PropRatingStopped" />
						<transition event="PR.xht.fixme" target="PropDetPlnDet" />
					</state>
					<state id="PropRatExhtRated">
						<transition event="PR.rated.yes" target="PropRatingComplete" />
						<transition event="PR.rated.no" target="PropRatingError" />
					</state>
					<state id="PropRatOvrd">
						<transition event="PR.ovrd.save" target="PropRatingRunning" />
					</state>
					<state id="PropRatingStopped">
						<!-- This is out of scope for POC -->
					</state>
					<state id="PropRatingComplete">
						<transition event="PR.rate.comp.next" target="PropRating" />
					</state>
					<state id="PropRatingError">
						<!-- Enter the transition Event & State here -->
					</state>

</scxml>
